<?xml version="1.0" encoding="UTF-8" standalone="yes" ?>
<CodeBlocks_plugin_manifest_file>
    <SdkVersion major="1" minor="19"  release="0" />
    <Plugin name="wxCrafterCB">
        <Value title="wxCrafter" />
        <Value version="1.0" />
        <Value description="Integration of wxCrafter with Code::Blocks" />
        <Value author="Eran Ifrah" />
        <Value authorEmail="" />
        <Value authorWebsite="http://wxcrafter.codelite.org" />
        <Value thanksTo="" />
        <Value license="GPL" />
    </Plugin>
</CodeBlocks_plugin_manifest_file>
